{
  "accuracy": 0.8271844660194175,
  "f1": 0.8213281940094757,
  "precision": 0.8048473402581051,
  "recall": 0.838498114444991,
  "roc_auc": 0.9033964961836893
}